id,Name_x,FIPS,year,VAC(vacantHousing),PMC,POV(poverty),UMP(unemployment),EDE (highschooldiploma),SNQ(foodaccess),HousingEviction_rate,RBS(Rentburdened),Opioidrate,x,y
0,Burnside,47,2016,28.96631349,11.93802526,32.75157573,18.37531386,13.87467938,35.91898362,3.96,35.37033538,0,-87.59647,41.728181
1,Calumet Heights,48,2016,11.69762942,11.87776518,17.11660554,14.12678287,25.6784997,51.60569556,5.57,29.73628426,0,-87.57272,41.729673
2,Roseland,49,2016,18.21507818,11.95610232,28.45735213,25.61300784,20.51061141,34.29992305,6.57,40.43550286,48.1,-87.623366,41.706588
3,Pullman,50,2016,13.15006255,11.92032274,25.49383986,20.91289313,23.09793623,39.47984057,6.12,35.90406775,44.7,-87.598252,41.706131
4,South Deering,51,2016,13.61417092,11.85973741,42.26336544,24.01873506,9.122192033,28.49148625,3.56,31.22018604,26.9,-87.570058,41.690639
5,East Side,52,2016,13.31417622,11.78224449,23.24857445,17.49695198,11.2230081,36.87649521,2.63,33.86193619,15,-87.534907,41.707306
6,West Pullman,53,2016,17.02577133,11.92929038,29.86636677,25.31328149,16.09587328,26.18710406,6.59,39.30850169,38.5,-87.635745,41.67382
7,Riverdale,54,2016,24.89399476,11.89757907,65.54073478,37.1152137,4.874780914,27.36407505,6.04,25.96269205,63.5,-87.602849,41.660137
8,Hegewisch,55,2016,7.552275049,11.81680495,14.68366484,6.623293117,17.85847902,58.67927532,3.71,28.96959149,18.1,-87.556803,41.668188
9,Beverly,72,2016,4.812756214,12.01701445,3.59751097,6.40990941,56.7194284,91.35077249,4.65,10.6762932,2.8,-87.675072,41.713148
10,Washington Heights,73,2016,8.750428278,12.00215836,18.72611886,18.42690292,22.77382641,47.75410884,6.12,39.68041236,31.7,-87.648897,41.717495
11,Mount Greenwood,74,2016,6.936362393,11.99860286,4.378415138,5.19572344,34.90699298,73.62713777,3.81,18.70594935,14.9,-87.713189,41.694876
12,Morgan Park,75,2016,10.46211223,11.96990851,20.09307393,11.9945611,33.11206815,53.65283396,4.13,27.550698,11.7,-87.669062,41.689729
13,Douglas,35,2016,9.707523653,12.05523566,34.15290883,16.00221491,40.12113465,57.61025203,4.05,29.52224797,37.3,-87.61868,41.835122
14,Oakland,36,2016,8.426648468,12.01576443,29.88058839,21.20634486,23.64839672,19.85060776,5.58,22.36217129,51,-87.603217,41.823754
15,Fuller Park,37,2016,29.15647624,12.06257144,31.8138892,28.94181758,11.07409523,14.12274775,5.78,32.0516826,73.6,-87.632427,41.809082
16,Grand Boulevard,38,2016,17.67922673,12.03503436,35.11208331,23.05825721,25.71279259,31.15967167,5.69,29.96555095,26.4,-87.61786,41.812947
17,Kenwood,39,2016,11.15419336,11.98030253,19.98114321,12.89773301,54.68093147,58.74839209,4.66,27.30210905,15.6,-87.596186,41.808918
18,Washington Park,40,2016,23.20017677,12.02348178,44.7605665,24.14980374,19.98017858,17.3059126,8.34,39.7760026,29,-87.617936,41.792356
19,Hyde Park,41,2016,14.31432206,11.95631479,21.00168798,7.797757407,79.67205996,84.28071948,2.98,32.6334873,6.3,-87.592305,41.794088
20,Woodlawn,42,2016,20.61548686,11.96289304,38.04565075,16.6217485,28.35931724,32.23788095,5.29,34.21629718,21.6,-87.594924,41.778877
21,South Shore,43,2016,21.89015335,11.89181322,37.03283804,20.75144384,23.91776894,37.28115127,8.27,38.3665531,34.8,-87.57279,41.761583
22,Chatham,44,2016,15.57337408,11.98835713,25.73679863,19.05092864,25.85502316,49.1551339,6.9,36.46913691,25.6,-87.615965,41.740206
23,Avalon Park,45,2016,13.78320308,11.92600952,20.40189307,24.21125918,22.5554126,38.8270889,6.74,33.77351235,16.7,-87.586347,41.744197
24,South Chicago,46,2016,28.9345634,11.82593759,32.03150211,23.10774016,15.80002628,33.82717821,7.23,31.74102199,40.3,-87.551435,41.741243
25,West Englewood,67,2016,24.74644418,12.09369913,36.49283716,33.10467564,7.596095987,29.75016185,7.17,38.82547213,24.6,-87.666598,41.775926
26,Englewood,68,2016,35.97468409,12.05996882,44.39007128,35.54328851,7.088244102,23.70247699,6.53,40.50787785,34.9,-87.642502,41.777201
27,Greater Grand Crossing,69,2016,21.36592721,12.00849945,38.5666605,25.45599808,14.35609391,37.81575683,6.49,36.07151122,45.6,-87.616139,41.763251
28,Auburn Gresham,71,2016,15.12650999,12.04817563,29.90708172,24.3348271,14.72471647,38.97396159,6.66,38.47503042,32.6,-87.656305,41.744203
29,Rogers Park,1,2016,12.38383983,11.52392859,25.33739296,8.504513573,43.77847326,51.52607843,2.83,29.45913951,26,-87.670171,42.00963
30,West Ridge,2,2016,11.12457396,11.6370662,21.84744478,9.2774555,40.88275104,48.64923235,2.6,29.93422541,7.2,-87.695017,42.001583
31,Uptown,3,2016,10.5210087,11.72440688,20.58602561,7.395400279,58.7791491,60.66541251,1.87,23.1287908,18.5,-87.655899,41.965822
32,Loop,32,2016,19.25462711,12.01194999,13.39621298,5.920283579,79.21880881,90.48020791,2.35,21.80336623,10.7,-87.625194,41.878881
33,Near South Side,33,2016,9.291996229,12.06191405,12.91782531,4.592362029,70.59206355,56.3814026,3.09,24.56401396,16.5,-87.620344,41.857196
34,Lincoln Square,4,2016,7.346067958,11.76144033,10.60549846,6.868009381,60.53161711,70.054296,0.78,19.20977939,7.4,-87.687513,41.975182
35,North Center,5,2016,9.116216452,11.86311086,5.598288124,4.437167036,65.77035813,75.27485093,0.7,12.49070528,9.3,-87.683839,41.947811
36,Lake View,6,2016,8.495771978,11.81683279,9.596258002,3.224348622,79.04466613,84.88135787,0.71,14.8140574,22.6,-87.656001,41.944236
37,Lincoln Park,7,2016,8.478854671,11.88878977,10.84061301,3.661260029,82.74037408,78.71132315,0.83,16.65165288,6.5,-87.649491,41.922696
38,Edgewater,77,2016,10.20020185,11.63873895,16.64417322,6.78300919,55.69348538,65.23991284,2.02,20.13887302,16.5,-87.663419,41.986719
39,Near North Side,8,2016,12.44959277,11.94847842,12.14024048,4.490649099,75.95995292,70.2565937,1.63,15.94261896,7.3,-87.633318,41.899611
40,Armour Square,34,2016,8.981944244,12.07540085,38.67899728,17.2533728,20.27117828,48.85746701,0.95,22.95130225,14.7,-87.633976,41.842083
41,Garfield Ridge,56,2016,5.278124928,12.19387624,8.502083252,10.19997626,20.81421739,59.37350148,3,23.71698368,9.7,-87.764246,41.796185
42,Archer Heights,57,2016,6.592626298,12.17315667,15.40597215,10.54340588,10.38542275,43.27195726,1.77,19.44428565,0,-87.726365,41.810873
43,Brighton Park,58,2016,11.85193005,12.15068403,25.92223489,10.71152393,8.426675655,44.88470858,2.69,23.47236504,3.6,-87.698859,41.817364
44,McKinley Park,59,2016,7.418048808,12.12686296,26.08694011,12.08347197,21.22537358,45.07360083,3.08,27.74156963,19.8,-87.6725,41.829927
45,Bridgeport,60,2016,8.958292553,12.09601167,19.23315475,9.919181439,27.9642185,57.20247911,1.51,25.64578083,15.6,-87.648784,41.836151
46,New City,61,2016,20.63978209,12.10281068,28.38739451,20.28775062,9.140047848,42.26880117,3.89,25.2970747,30.6,-87.659171,41.809017
47,West Elsdon,62,2016,4.706127316,12.17503288,14.25262489,12.41090252,10.38188702,54.41796964,3.26,18.70187144,0,-87.724213,41.792977
48,Gage Park,63,2016,9.505556296,12.14281845,20.93202525,15.98131959,6.147692402,32.97681362,2.92,26.15945326,10.3,-87.696433,41.795429
49,Clearing,64,2016,4.948091106,12.19059205,10.53357919,9.540567367,17.21924467,47.6327845,2.51,20.4222681,23.4,-87.768517,41.779582
50,West Lawn,65,2016,10.16434794,12.16746922,16.01825439,12.87302923,11.90166084,36.77510319,3.6,30.62458599,27.7,-87.726927,41.769774
51,Chicago Lawn,66,2016,16.6748828,12.12733416,32.22975389,24.52072927,8.182581525,28.7046449,6.02,37.74225094,33,-87.695667,41.771849
52,Ashburn,70,2016,4.926113586,12.10571169,12.73308284,12.42938339,20.51545487,61.76710701,5.33,34.32644619,16.9,-87.708363,41.745756
53,Humboldt Park,23,2016,14.78057886,12.07584156,30.69458853,14.93173056,13.52346616,31.15432831,4.31,30.51734108,68.8,-87.720917,41.90008
54,West Town,24,2016,8.755732443,12.01127533,14.62794449,5.385399792,62.42352246,60.89703871,1.03,16.34820391,19.6,-87.676358,41.901216
55,Austin,25,2016,12.21661264,12.11527353,28.43462633,17.04073644,14.26951714,37.6981984,6.47,36.70077414,64.6,-87.763117,41.894113
56,West Garfield Park,26,2016,28.77473474,12.14210544,47.40100816,18.65676905,5.334178508,24.86281495,6.47,42.36218452,64.8,-87.730233,41.878602
57,East Garfield Park,27,2016,16.88366379,12.11174294,42.99512862,18.684724,14.69479894,23.67977912,5.64,35.61787057,79.2,-87.705892,41.878923
58,Near West Side,28,2016,8.318354155,12.0706043,27.10218342,12.79852218,55.8389898,62.86705525,2.4,19.10545812,41.1,-87.663513,41.874016
59,North Lawndale,29,2016,23.75683257,12.151847,43.82198429,20.64210056,10.90933855,26.40729833,6.04,41.39017109,93.2,-87.717218,41.860197
60,South Lawndale,30,2016,15.8678889,12.16058948,30.70548179,9.10874373,6.192831726,48.54930951,3.05,25.37910393,11.1,-87.714,41.839091
61,Lower West Side,31,2016,16.78621246,12.11056157,26.79147094,10.1895645,27.07685076,44.97206002,1.21,22.9664473,11.8,-87.66757,41.850277
62,Norwood Park,10,2016,7.677503315,11.85368185,6.398371572,5.409581355,36.50385141,71.90237192,1.45,28.77494635,6.4,-87.803451,41.985248
63,Jefferson Park,11,2016,7.008882227,11.8633609,8.884331776,7.503843108,33.76729144,72.52589974,1.79,19.90887207,7.1,-87.771165,41.978836
64,Forest Glen,12,2016,7.022649917,11.7845982,3.585833744,4.552057997,61.55923364,96.88985173,1.67,29.9539849,13.4,-87.758358,41.993938
65,North Park,13,2016,6.897308803,11.80622528,11.96932198,7.390087169,49.54129566,63.24645948,1.16,16.43761583,11.2,-87.723578,41.983651
66,Albany Park,14,2016,8.279947711,11.86412633,16.98433627,7.592916972,34.04230343,46.17807131,1.65,20.09495614,10.2,-87.721558,41.968078
67,Portage Park,15,2016,8.619488407,11.94696955,13.12017084,7.814533565,27.63109455,64.62031368,2.44,22.14035262,19.2,-87.763401,41.954043
68,Irving Park,16,2016,8.774997717,11.91049804,9.492572043,6.2605301,40.24009347,70.2496209,1.55,16.79209463,15.2,-87.723457,41.953589
69,Dunning,17,2016,6.230269432,11.99367703,10.78090102,5.337868392,24.44853682,77.64800638,2.47,22.52158992,15.4,-87.806015,41.946522
70,Montclare,18,2016,11.33215764,12.03406052,13.54596226,7.470824698,17.99784589,51.23985042,3.03,28.65546086,6.8,-87.798033,41.929306
71,Belmont Cragin,19,2016,9.788331797,12.03117345,18.97253283,10.44246653,13.1410272,52.09810092,2.98,27.85492151,15.9,-87.765502,41.927275
72,Hermosa,20,2016,9.861922454,12.01880139,21.61945485,8.721375411,12.28037474,51.6371964,3.41,34.83834952,22.1,-87.734741,41.924353
73,Avondale,21,2016,10.51505784,11.94559034,20.00673523,6.070592072,31.60439003,72.05990713,1.73,24.36298108,15,-87.711219,41.938673
74,Logan Square,22,2016,10.34760868,11.97742138,14.8320211,4.748506222,51.73088671,67.75868126,1.16,19.17489098,11.3,-87.699149,41.922768
75,O'Hare,76,2016,6.980965064,11.90566162,11.22611584,9.060468542,24.52409725,68.6080474,1.49,22.7054716,8.5,-87.893699,41.975696
76,Edison Park,9,2016,8.082159932,11.76348682,1.692513172,4.117257063,47.14911317,89.45737943,0.81,10.49890473,0,-87.81378,42.007627
77,Burnside,47,2017,26.5981068,11.64246027,17.58174188,22.31022668,14.08368374,49.99115908,3.07,39.1055292,0,-87.59647,41.728181
78,Calumet Heights,48,2017,12.52163247,11.62130363,16.62662739,12.6326047,25.90392346,59.30115148,4.27,26.85861273,0,-87.57272,41.729673
79,Roseland,49,2017,18.97376536,11.64768227,25.85846527,23.9161602,20.55532043,33.0598289,5.81,40.70336205,48.1,-87.623366,41.706588
80,Pullman,50,2017,9.710151066,11.64073024,22.35138127,18.15138082,26.52764849,41.5294704,5.06,32.66720818,44.7,-87.598252,41.706131
81,South Deering,51,2017,14.24950783,11.6198736,42.99485972,23.58048364,8.77337751,23.6527977,4.31,28.94945853,26.9,-87.570058,41.690639
82,East Side,52,2017,15.29870521,11.57816219,20.11228704,16.1070333,11.0797728,29.14810923,2.52,34.33063507,15,-87.534907,41.707306
83,West Pullman,53,2017,17.20858008,11.625948,27.95027194,24.72418476,16.53171414,27.48467061,7.27,33.52978381,38.5,-87.635745,41.67382
84,Riverdale,54,2017,24.86956499,11.62819516,62.82495694,34.6883467,3.911670362,28.94200942,7.06,25.68988351,63.5,-87.602849,41.660137
85,Hegewisch,55,2017,10.58519169,11.60877167,14.7163772,8.451438113,16.67369354,53.3622164,3.99,25.45302536,18.1,-87.556803,41.668188
86,Beverly,72,2017,4.34667752,11.64301742,4.283760111,5.986219803,56.39396981,89.78989337,3.59,15.89062395,2.8,-87.675072,41.713148
87,Washington Heights,73,2017,8.331935393,11.65607906,19.38868753,17.86109133,21.85730555,47.61036896,5.03,44.13093859,31.7,-87.648897,41.717495
88,Mount Greenwood,74,2017,6.216252277,11.60118936,3.743779385,3.506885856,35.62560624,74.85021072,3.24,14.96325013,14.9,-87.713189,41.694876
89,Morgan Park,75,2017,10.43767667,11.62357534,18.33320187,13.07836978,33.38011818,54.80124092,3.48,27.0461189,11.7,-87.669062,41.689729
90,Douglas,35,2017,10.4587678,11.70109083,34.12942701,14.24461929,41.95723661,56.4587223,3.64,29.23049937,37.3,-87.61868,41.835122
91,Oakland,36,2017,8.102586982,11.67983857,29.25642215,22.99362104,28.35897941,20.6001282,7.03,21.90661439,51,-87.603217,41.823754
92,Fuller Park,37,2017,30.1767554,11.70008674,28.54233568,32.07107008,12.96345127,26.67972882,4.31,31.23661678,73.6,-87.632427,41.809082
93,Grand Boulevard,38,2017,16.29855082,11.68517662,33.58832646,22.20378097,26.94859049,32.74554216,4.99,30.80926439,26.4,-87.61786,41.812947
94,Kenwood,39,2017,10.7755969,11.65244041,20.76870338,9.962099529,56.3228685,59.97745096,4.76,27.4488108,15.6,-87.596186,41.808918
95,Washington Park,40,2017,22.46879992,11.68202749,42.07375512,23.1421214,17.87215019,17.70101612,7.22,36.46806359,29,-87.617936,41.792356
96,Hyde Park,41,2017,12.6078999,11.64518789,22.46270374,7.227823176,79.20371989,85.80070644,2.72,33.355301,6.3,-87.592305,41.794088
97,Woodlawn,42,2017,20.14537017,11.64401756,37.5196995,15.18537485,29.56154247,34.81275675,5.8,34.16971634,21.6,-87.594924,41.778877
98,South Shore,43,2017,22.65067932,11.61351347,37.26238113,18.33121583,24.94160938,38.92090281,8.6,39.68061467,34.8,-87.57279,41.761583
99,Chatham,44,2017,16.04579272,11.66790551,24.207415,19.24727234,26.91047023,50.77189725,7.36,38.95236513,25.6,-87.615965,41.740206
100,Avalon Park,45,2017,14.95959285,11.63834392,18.94149809,17.86922629,23.51957157,33.90687304,4.95,34.29050078,16.7,-87.586347,41.744197
101,South Chicago,46,2017,28.77333719,11.57925282,31.92021924,22.3972154,15.47511113,32.86785631,6.52,31.26991798,40.3,-87.551435,41.741243
102,West Englewood,67,2017,24.42051404,11.69267396,34.24595954,31.12585774,7.829257962,29.46841261,6.23,34.46772159,24.6,-87.666598,41.775926
103,Englewood,68,2017,35.46182998,11.68780283,45.1407005,33.85353748,6.91958043,26.41152624,6.23,38.6041044,34.9,-87.642502,41.777201
104,Greater Grand Crossing,69,2017,21.02968757,11.67616017,38.8549827,24.35403296,15.33832867,32.51380668,6.72,38.95804071,45.6,-87.616139,41.763251
105,Auburn Gresham,71,2017,16.24836602,11.67497877,29.75856275,21.63905571,15.6486756,37.50014263,6.07,37.47600159,32.6,-87.656305,41.744203
106,Rogers Park,1,2017,13.2117622,11.04872907,24.90534622,7.419523282,43.22398257,49.00639583,2.41,28.36276633,26,-87.670171,42.00963
107,West Ridge,2,2017,10.35891045,11.12278756,18.86214152,8.517504298,41.50757111,47.4968279,2.48,28.30077915,7.2,-87.695017,42.001583
108,Uptown,3,2017,10.14048352,11.27092349,19.56755899,5.635729707,60.39810366,57.84950358,1.71,21.88826861,18.5,-87.655899,41.965822
109,Loop,32,2017,18.81740101,11.63022527,12.84745601,5.424005176,80.59360647,90.29983304,2.03,21.08115286,10.7,-87.625194,41.878881
110,Near South Side,33,2017,8.797053751,11.70466819,12.09156853,3.367694048,70.38961513,45.45730537,3.59,20.99691647,16.5,-87.620344,41.857196
111,Lincoln Square,4,2017,8.11393448,11.25945977,9.48089012,4.175240386,61.99151699,72.41939289,0.85,17.74331732,7.4,-87.687513,41.975182
112,North Center,5,2017,9.257587216,11.37753383,5.139853649,3.865881788,67.17360474,75.532657,0.52,11.66325675,9.3,-87.683839,41.947811
113,Lake View,6,2017,8.46239914,11.3705091,8.765066428,3.079066262,79.62649068,85.00090669,0.75,14.48519664,22.6,-87.656001,41.944236
114,Lincoln Park,7,2017,8.497787472,11.45709776,10.76586974,3.234392545,83.23674007,79.1432395,0.59,15.04343549,6.5,-87.649491,41.922696
115,Edgewater,77,2017,10.18039626,11.17121759,15.22715365,5.908841458,56.50801595,70.90457654,1.83,21.26197007,16.5,-87.663419,41.986719
116,Near North Side,8,2017,13.10064542,11.54967396,10.73057044,3.541856075,75.83671166,69.47434306,1.64,14.95515947,7.3,-87.633318,41.899611
117,Armour Square,34,2017,8.597937137,11.70733608,41.436844,16.39581567,20.93562139,44.49681893,0.52,24.09007742,14.7,-87.633976,41.842083
118,Garfield Ridge,56,2017,5.459482207,11.67101118,7.455544546,9.924672013,20.40073283,58.05128195,2.11,21.5683831,9.7,-87.764246,41.796185
119,Archer Heights,57,2017,7.801270394,11.69236731,18.64496333,9.666280765,11.70015311,39.17358199,2.32,18.07882564,0,-87.726365,41.810873
120,Brighton Park,58,2017,11.09002685,11.69785005,24.98230399,9.766504287,9.912843883,46.11754231,2.73,24.20325783,3.6,-87.698859,41.817364
121,McKinley Park,59,2017,6.735714415,11.69910817,26.15978243,11.41601996,22.7464099,44.18318485,2.43,26.37676226,19.8,-87.6725,41.829927
122,Bridgeport,60,2017,7.640312984,11.70267387,17.33955764,8.783496082,31.22574227,55.43691768,1.29,25.08659014,15.6,-87.648784,41.836151
123,New City,61,2017,19.18244847,11.69947945,27.00430451,17.21346965,10.2217312,43.25865029,3.85,24.8116189,30.6,-87.659171,41.809017
124,West Elsdon,62,2017,5.632622696,11.69515485,10.78220484,11.66885192,10.7328366,52.6625573,2.78,17.19538479,0,-87.724213,41.792977
125,Gage Park,63,2017,10.69652189,11.69705419,18.15916159,13.91416233,5.961515051,36.36612619,3.06,22.44401757,10.3,-87.696433,41.795429
126,Clearing,64,2017,5.206288621,11.67204128,9.237987739,9.577198031,18.08624932,44.15643006,2.69,19.91562505,23.4,-87.768517,41.779582
127,West Lawn,65,2017,10.80689122,11.68330614,15.38357546,12.52684742,11.78404826,39.75053813,3.63,28.82179925,27.7,-87.726927,41.769774
128,Chicago Lawn,66,2017,16.48324761,11.68557738,28.92608241,24.38302038,8.746863375,31.95130784,5.34,37.96475219,33,-87.695667,41.771849
129,Ashburn,70,2017,4.8396101,11.66236153,11.88370327,13.3340186,21.04528467,60.38931292,4.61,33.23906798,16.9,-87.708363,41.745756
130,Humboldt Park,23,2017,13.82321235,11.56278661,30.77030317,12.43111568,14.17822114,31.66199677,4.07,28.36235941,68.8,-87.720917,41.90008
131,West Town,24,2017,9.09218446,11.55459439,12.52787309,4.802143652,65.06825025,60.88787797,1.07,15.469293,19.6,-87.676358,41.901216
132,Austin,25,2017,14.00282977,11.55307419,27.47276967,15.06084309,15.23734227,39.20337149,6.17,37.31471925,64.6,-87.763117,41.894113
133,West Garfield Park,26,2017,27.98551114,11.63268802,42.57764481,19.8248913,4.9900273,25.78129383,6.67,40.83290374,64.8,-87.730233,41.878602
134,East Garfield Park,27,2017,17.64320755,11.62786281,44.68042171,19.21330793,14.41732959,23.93852573,5.47,39.16308018,79.2,-87.705892,41.878923
135,Near West Side,28,2017,8.894221898,11.64681175,26.37649126,9.943240263,56.44210439,61.72897663,1.7,19.74118508,41.1,-87.663513,41.874016
136,North Lawndale,29,2017,23.64951308,11.66514245,41.50381938,18.2485205,11.99748496,27.96529274,5.59,40.53108452,93.2,-87.717218,41.860197
137,South Lawndale,30,2017,14.69100403,11.68118073,31.85676245,8.863724187,6.216935553,45.89115801,2.65,23.74395919,11.1,-87.714,41.839091
138,Lower West Side,31,2017,15.48996903,11.68702565,21.87273867,7.496218572,29.67999093,48.56522941,1.73,21.87124712,11.8,-87.66757,41.850277
139,Norwood Park,10,2017,6.338411524,11.21538372,5.847230717,4.033203751,38.02742534,81.43490834,1.33,25.73057239,6.4,-87.803451,41.985248
140,Jefferson Park,11,2017,7.465964266,11.25630136,8.108067695,6.09067861,35.74328118,66.4954388,1.24,16.29692527,7.1,-87.771165,41.978836
141,Forest Glen,12,2017,6.372003037,11.18900086,4.033674419,3.282406126,60.11204739,71.31490011,2.21,29.39582191,13.4,-87.758358,41.993938
142,North Park,13,2017,5.928513783,11.2503407,11.82838248,5.772998452,50.18383013,66.15468102,1.46,16.70212218,11.2,-87.723578,41.983651
143,Albany Park,14,2017,8.442030843,11.31407907,16.62081449,7.100631537,34.30109878,46.6219201,1.9,19.64683436,10.2,-87.721558,41.968078
144,Portage Park,15,2017,9.178392936,11.3572598,12.24882248,7.048682718,29.03369723,67.18596172,2.25,20.92284289,19.2,-87.763401,41.954043
145,Irving Park,16,2017,9.622837383,11.37020822,10.02855844,5.615604157,41.57421116,66.16851746,1.72,17.21243593,15.2,-87.723457,41.953589
146,Dunning,17,2017,6.270577614,11.35263528,9.653497988,5.024875898,24.60404421,74.22391157,2.65,24.20051209,15.4,-87.806015,41.946522
147,Montclare,18,2017,10.52906759,11.41323479,13.86928666,7.716609611,15.00144636,60.61717613,3.28,28.62332167,6.8,-87.798033,41.929306
148,Belmont Cragin,19,2017,9.409870686,11.44882585,19.69913319,9.062709164,13.15193183,51.88747247,2.19,28.43946927,15.9,-87.765502,41.927275
149,Hermosa,20,2017,9.326569583,11.47259987,20.39948734,7.292238808,14.79549336,59.18994191,2.52,35.27504927,22.1,-87.734741,41.924353
150,Avondale,21,2017,11.31504472,11.42209148,18.60637968,5.31885958,35.36706145,68.56398259,1.51,23.84246104,15,-87.711219,41.938673
151,Logan Square,22,2017,10.21278245,11.4805378,12.99280853,3.790810219,53.74073658,68.97866531,1.18,17.65847576,11.3,-87.699149,41.922768
152,O'Hare,76,2017,6.58983927,11.19685148,10.76674483,7.647087081,25.65765284,69.6719494,1.64,25.74335313,8.5,-87.893699,41.975696
153,Edison Park,9,2017,6.513280643,11.10228416,2.81646001,2.715778873,47.49981412,79.34097102,1.39,12.7063114,0,-87.81378,42.007627
154,Burnside,47,2018,20.98477422,13.28232923,17.73292642,21.94121457,13.41351217,51.42794414,3.17,40.05987256,36,-87.59647,41.728181
155,Calumet Heights,48,2018,13.26228991,13.26347032,15.47106482,10.76293168,25.14340402,58.54451586,4.71,28.60446405,9.4,-87.57272,41.729673
156,Roseland,49,2018,19.83062692,13.29104542,26.19737367,21.86589016,21.10535583,34.38053476,6.09,40.79713179,28.9,-87.623366,41.706588
157,Pullman,50,2018,11.16948035,13.29091586,22.82699763,18.03124749,21.56045032,53.40253617,3.94,28.34917599,9.9,-87.598252,41.706131
158,South Deering,51,2018,12.65540249,13.27246294,38.33369988,18.69252466,9.58988094,23.36650008,3.3,31.29428643,20.2,-87.570058,41.690639
159,East Side,52,2018,17.18596688,13.24000318,17.67641378,13.86922279,11.29020094,26.96700586,2.49,33.00305356,4.7,-87.534907,41.707306
160,West Pullman,53,2018,18.88552132,13.28511297,25.62955689,22.96170445,16.75572339,25.263199,6.73,33.53797768,24.5,-87.635745,41.67382
161,Riverdale,54,2018,20.04386331,13.28573996,59.1787083,33.73352527,4.562848989,28.85566411,7.26,25.32974056,63.6,-87.602849,41.660137
162,Hegewisch,55,2018,11.7313921,13.2663839,17.55508549,7.481116647,16.72907976,61.854994,7.28,40.3540749,27.8,-87.556803,41.668188
163,Beverly,72,2018,5.595218001,13.28373162,4.186098642,4.213917761,57.02239029,88.84793422,3.97,13.53124331,14.9,-87.675072,41.713148
164,Washington Heights,73,2018,9.871890407,13.29172361,19.79252725,17.87982862,23.46912017,48.21052623,5.96,41.37468275,15.1,-87.648897,41.717495
165,Mount Greenwood,74,2018,4.561209776,13.24674709,4.146137506,3.826827507,39.49458567,90.98055157,8.78,18.8750328,11.2,-87.713189,41.694876
166,Morgan Park,75,2018,10.51184401,13.2715658,19.10967295,12.10942436,36.36253736,65.9449603,4.62,28.48558144,6.9,-87.669062,41.689729
167,Douglas,35,2018,11.43231414,13.21260858,35.03763529,13.25328177,44.14638304,56.24934427,3.83,26.68770505,16.6,-87.61868,41.835122
168,Oakland,36,2018,7.420974171,13.20450325,27.65016478,19.50660722,31.4168612,27.01281779,6.94,22.11873048,56.7,-87.603217,41.823754
169,Fuller Park,37,2018,29.20774567,13.24663087,24.61568577,34.20054385,10.64775033,26.20649702,3.28,29.61951179,90.8,-87.632427,41.809082
170,Grand Boulevard,38,2018,14.68485146,13.23297173,30.78766094,18.90213246,30.07897569,34.04146118,4.52,31.42122424,57.8,-87.61786,41.812947
171,Kenwood,39,2018,11.26034098,13.21826235,19.12214086,8.234848581,58.39253626,60.89355158,4.59,24.94889771,9.6,-87.596186,41.808918
172,Washington Park,40,2018,19.40687314,13.25214557,39.00607342,20.52718931,17.983271,17.50358029,6.14,35.11429514,62.8,-87.617936,41.792356
173,Hyde Park,41,2018,10.37979197,13.22087595,20.468095,7.81911218,79.50282476,86.16123353,2.76,32.03952441,2.3,-87.592305,41.794088
174,Woodlawn,42,2018,18.93930037,13.24529623,36.03812113,16.49080203,29.42029346,31.90336413,4.93,33.95591844,16.1,-87.594924,41.778877
175,South Shore,43,2018,21.6460951,13.23134497,33.25664703,17.14230171,24.59205606,37.93528524,8.04,37.08361925,27.6,-87.57279,41.761583
176,Chatham,44,2018,16.37050698,13.2942089,24.36243093,16.7525422,24.32880867,41.04338789,7.44,39.98816959,28.7,-87.615965,41.740206
177,Avalon Park,45,2018,14.0376483,13.27958749,16.65159483,16.33903132,26.29861836,44.63393908,5.54,33.21248519,0,-87.586347,41.744197
178,South Chicago,46,2018,28.22141129,13.22904359,30.98064201,21.26011527,15.28195868,31.67917968,7.27,30.40507309,37.2,-87.551435,41.741243
179,West Englewood,67,2018,25.74710739,13.28686218,32.98216295,29.21128446,8.863182628,27.68372737,5.57,34.20103664,38.3,-87.666598,41.775926
180,Englewood,68,2018,35.52915673,13.28239186,41.65237693,26.20618577,7.891107478,27.64487172,6.27,36.17436962,45.9,-87.642502,41.777201
181,Greater Grand Crossing,69,2018,21.03168749,13.28815861,37.50976859,24.31942363,15.7042078,29.03598899,6.33,37.19462826,22.1,-87.616139,41.763251
182,Auburn Gresham,71,2018,17.24739566,13.30044708,26.47943658,18.80344033,14.941838,33.99934717,6.26,34.87002032,32.9,-87.656305,41.744203
183,Rogers Park,1,2018,12.691162,12.53750731,25.22517983,6.702233813,45.16624612,51.66599431,2.37,28.47473599,12.9,-87.670171,42.00963
184,West Ridge,2,2018,9.413745259,12.6235006,19.54439936,7.747410765,41.25285143,43.24999768,1.96,27.46084922,6.3,-87.695017,42.001583
185,Uptown,3,2018,10.66110476,12.74302524,18.05633691,4.543365926,59.20698164,57.89421601,1.53,20.72906028,17.4,-87.655899,41.965822
186,Loop,32,2018,18.99401473,13.10820295,11.50055548,5.813869065,81.70350994,92.69187236,1.68,19.03073909,25.2,-87.625194,41.878881
187,Near South Side,33,2018,7.056235491,13.17322951,11.86427571,1.53448527,71.10069649,44.28149795,3.88,22.76260014,12.4,-87.620344,41.857196
188,Lincoln Square,4,2018,8.282824183,12.74763008,8.417458536,4.226639665,62.51579343,69.83516955,0.82,17.13613874,17.4,-87.687513,41.975182
189,North Center,5,2018,9.957149887,12.86496902,4.710777089,3.45896234,70.21740751,70.21967516,0.36,12.01187613,1.4,-87.683839,41.947811
190,Lake View,6,2018,8.472823255,12.83992242,8.340884065,2.887066005,80.52249347,84.85014755,0.67,13.71157024,10.8,-87.656001,41.944236
191,Lincoln Park,7,2018,8.547992866,12.93314928,9.528853911,3.075777952,84.23902916,79.61588433,0.69,14.74491505,7.5,-87.649491,41.922696
192,Edgewater,77,2018,10.20676377,12.65055129,14.57607482,5.431179292,57.6888257,71.51641073,1.91,20.81509474,13,-87.663419,41.986719
193,Near North Side,8,2018,13.91417722,13.01810902,10.12333341,3.097002028,77.01231869,74.64197302,1.65,15.71929507,9.1,-87.633318,41.899611
194,Armour Square,34,2018,6.052433091,13.20675649,36.94324772,15.31645547,21.22936645,45.52319566,0.54,22.24960357,6.8,-87.633976,41.842083
195,Garfield Ridge,56,2018,5.214621325,13.24571225,7.466707229,8.416480052,20.48631291,61.96892602,2.05,17.00846955,17,-87.764246,41.796185
196,Archer Heights,57,2018,7.164265056,13.26015971,18.15750452,8.379392792,14.5420657,35.84067047,1.65,17.9794084,6,-87.726365,41.810873
197,Brighton Park,58,2018,10.84664764,13.2607116,23.59579972,8.96297133,10.07992295,45.99536301,2.22,22.68265918,14.5,-87.698859,41.817364
198,McKinley Park,59,2018,5.868988358,13.23693792,23.26927068,9.705091522,22.29494392,48.316441,1.65,29.62012441,6.7,-87.6725,41.829927
199,Bridgeport,60,2018,7.422913087,13.2222575,16.39897692,7.915351164,32.99540753,54.8770917,0.98,23.88069327,9,-87.648784,41.836151
200,New City,61,2018,18.28599247,13.26181089,24.94466262,15.89967101,11.1801874,45.8991904,3.44,22.82930131,32.1,-87.659171,41.809017
201,West Elsdon,62,2018,5.724308934,13.27807456,10.76870548,10.92509219,12.64062848,52.18539949,3.05,18.96775594,11.3,-87.724213,41.792977
202,Gage Park,63,2018,9.640532042,13.28082751,18.78894299,12.60441868,6.827925564,39.20803299,2.15,21.11627594,17,-87.696433,41.795429
203,Clearing,64,2018,4.55153393,13.25795003,8.832324963,8.710759435,16.89345948,52.28561167,2,18.70132828,31.3,-87.768517,41.779582
204,West Lawn,65,2018,8.713283247,13.29826868,13.08630133,11.97434498,11.94823747,47.27713918,2.99,24.63913043,6.6,-87.726927,41.769774
205,Chicago Lawn,66,2018,15.5795831,13.29667431,26.19351063,23.86479868,7.997434022,34.2449374,4.71,36.94864841,31.4,-87.695667,41.771849
206,Ashburn,70,2018,4.745066851,13.29816386,11.79972092,11.82336577,20.7132547,56.09344132,4.03,28.33201185,2,-87.708363,41.745756
207,Humboldt Park,23,2018,12.82046862,13.07896107,28.95317433,12.24958241,15.92815122,36.35290374,3.18,27.73104487,75.3,-87.720917,41.90008
208,West Town,24,2018,9.511016509,13.05064778,11.7942948,3.909432136,66.9435762,58.15976405,0.84,14.24718471,15.9,-87.676358,41.901216
209,Austin,25,2018,13.87295169,13.09065086,26.87624862,12.89713541,15.52317409,38.70078336,6.08,37.03555814,62.2,-87.763117,41.894113
210,West Garfield Park,26,2018,27.27793736,13.15756984,40.91498914,17.78405988,5.626978071,24.98554301,6.11,40.2729765,91.6,-87.730233,41.878602
211,East Garfield Park,27,2018,19.42075311,13.14548005,46.8129021,19.18631084,15.86633427,20.76074615,4.55,42.24229974,118.5,-87.705892,41.878923
212,Near West Side,28,2018,9.97662086,13.14056918,27.5018334,9.597217014,56.02821056,61.89670826,1.55,19.87050068,32.2,-87.663513,41.874016
213,North Lawndale,29,2018,23.52570037,13.19586915,40.48991202,16.45827016,12.3105807,30.45148717,5.73,38.79566981,114.9,-87.717218,41.860197
214,South Lawndale,30,2018,12.72703404,13.22748125,31.5339345,8.538968649,6.747061772,42.0080322,1.83,22.11076813,21.7,-87.714,41.839091
215,Lower West Side,31,2018,13.471609,13.20326351,22.13312172,6.091036791,31.44704293,54.3577622,1.17,21.23093497,11.6,-87.66757,41.850277
216,Norwood Park,10,2018,5.352696301,12.75635899,6.001470985,3.480262245,39.84094725,73.19683711,1.02,27.11600186,11.4,-87.803451,41.985248
217,Jefferson Park,11,2018,7.098510319,12.79036749,10.2150969,4.798230708,36.77244872,66.7350531,1.21,15.2885949,21.7,-87.771165,41.978836
218,Forest Glen,12,2018,3.399472681,12.71827413,4.39414368,3.83632326,58.09661807,69.3567956,2.53,36.3489294,0,-87.758358,41.993938
219,North Park,13,2018,6.202640144,12.75490195,12.2835271,5.660225326,49.54155568,68.63477642,0.94,19.78080221,10.1,-87.723578,41.983651
220,Albany Park,14,2018,8.994858826,12.82611381,15.5395733,5.499128771,36.41495794,57.97652162,1.52,18.0197709,7.3,-87.721558,41.968078
221,Portage Park,15,2018,9.997650236,12.88335465,11.23116065,6.294610912,30.82350208,68.77107439,1.84,21.16790903,19.6,-87.763401,41.954043
222,Irving Park,16,2018,9.777797565,12.87776037,9.524328816,4.083061023,42.69425346,66.84298105,1.63,16.55080916,14.7,-87.723457,41.953589
223,Dunning,17,2018,6.16003611,12.89510478,8.16378573,4.463456274,26.96869155,75.36200336,1.69,24.53253641,23.6,-87.806015,41.946522
224,Montclare,18,2018,10.13232301,12.95811588,12.80309756,6.594471811,16.15248167,61.05092546,3.95,33.0777477,22.1,-87.798033,41.929306
225,Belmont Cragin,19,2018,8.961858829,12.97833392,16.99325946,6.908613445,13.46957887,53.81724421,2.25,28.67895321,12.8,-87.765502,41.927275
226,Hermosa,20,2018,10.22981252,12.99583012,18.9940675,6.190414037,16.1840163,56.54493371,1.81,32.61447911,16.3,-87.734741,41.924353
227,Avondale,21,2018,11.68549444,12.92635616,16.07842198,4.527831235,37.02577827,67.13878469,1.24,23.20625081,16.5,-87.711219,41.938673
228,Logan Square,22,2018,9.866051748,12.97905117,11.62938469,3.628851351,56.02208548,68.48836549,0.91,15.76285689,16.6,-87.699149,41.922768
229,O'Hare,76,2018,4.845734363,12.76351185,13.5018522,7.787594672,27.97644777,67.77278217,1.34,26.59209486,5.9,-87.893699,41.975696
230,Edison Park,9,2018,6.31822717,12.6717301,2.900936289,1.965108604,49.68107953,79.65710383,0.79,14.29312948,0,-87.81378,42.007627
231,Burnside,47,2019,28.53253059,9.779981315,15.70858549,20.12727786,15.04580758,52.07847654,3.11,43.27459292,21.8,-87.59647,41.728181
232,Calumet Heights,48,2019,12.864023,9.724003204,15.66590332,9.083220288,26.15145925,60.76402376,5.31,28.25221547,32.5,-87.57272,41.729673
233,Roseland,49,2019,20.28276173,9.80542086,23.40932363,20.13868183,20.60483611,35.92412055,5.83,35.44206812,34.6,-87.623366,41.706588
234,Pullman,50,2019,10.83510255,9.765407392,19.74318662,15.89339714,22.82521129,49.7784328,4.63,25.88032388,42.9,-87.598252,41.706131
235,South Deering,51,2019,12.83501394,9.710278043,38.26963916,16.12880624,12.64847148,21.64790987,3.18,31.17935155,36.7,-87.570058,41.690639
236,East Side,52,2019,15.15265906,9.637250096,17.91975221,10.02938234,11.57813243,29.3110767,2.59,29.53599496,17.7,-87.534907,41.707306
237,West Pullman,53,2019,17.58897991,9.792082312,22.40858195,17.13495311,18.18470859,34.6870327,6.83,35.10216055,35.5,-87.635745,41.67382
238,Riverdale,54,2019,16.657402,9.749864926,53.85968225,30.87837564,5.989365641,32.39393221,6.24,21.71772443,65,-87.602849,41.660137
239,Hegewisch,55,2019,10.83691783,9.675858066,16.79079736,6.122575678,16.49613533,52.71864194,3,35.32549022,23.2,-87.556803,41.668188
240,Beverly,72,2019,6.19115117,9.871923526,4.691243438,4.418617698,55.99058329,80.28849517,4.51,17.36673809,0,-87.675072,41.713148
241,Washington Heights,73,2019,11.08571911,9.847667771,21.07600005,15.67818077,24.36889054,43.47975272,6.29,37.60014733,33.6,-87.648897,41.717495
242,Mount Greenwood,74,2019,5.500925377,9.870656753,4.641217495,4.100417284,40.24117392,89.876093,5.31,26.00408786,5.6,-87.713189,41.694876
243,Morgan Park,75,2019,10.28346128,9.833673728,11.89004956,11.29581453,37.27991594,71.8005348,3.03,25.26226667,15.8,-87.669062,41.689729
244,Douglas,35,2019,10.05234994,9.834978452,34.93128736,12.34921568,44.42877596,61.16488105,3.3,27.71483391,47.6,-87.61868,41.835122
245,Oakland,36,2019,6.055742374,9.792052222,24.73031645,15.40953844,33.89857881,31.9656656,4.61,17.80191495,74.7,-87.603217,41.823754
246,Fuller Park,37,2019,26.06586373,9.860082221,29.33868489,25.14322158,8.850113519,23.32362254,4.24,26.31073487,92.7,-87.632427,41.809082
247,Grand Boulevard,38,2019,13.37278085,9.826508419,29.02468275,15.37320626,32.68495871,29.57435969,4.53,30.05783513,21.9,-87.61786,41.812947
248,Kenwood,39,2019,9.860033099,9.776782416,19.4314313,9.577575308,59.61346555,61.36036647,4.93,26.32530295,0,-87.596186,41.808918
249,Washington Park,40,2019,19.51746108,9.834747216,37.18427355,21.92982413,17.51158868,22.83125301,7.55,38.7514057,61.8,-87.617936,41.792356
250,Hyde Park,41,2019,10.67124068,9.765909201,20.82237568,7.816046587,79.74901434,88.44948357,3.19,31.95948447,0,-87.592305,41.794088
251,Woodlawn,42,2019,18.72869905,9.778179152,35.50761218,17.7055021,28.54311163,34.17053688,5.11,34.93506042,46.5,-87.594924,41.778877
252,South Shore,43,2019,20.53995011,9.72069145,31.09504775,16.29979256,24.71046419,37.59113253,8.72,35.18046475,31.3,-87.57279,41.761583
253,Chatham,44,2019,15.78652511,9.823817085,23.78522912,15.34509234,25.86017539,37.4199818,7.61,37.74525775,63.5,-87.615965,41.740206
254,Avalon Park,45,2019,12.54001389,9.760659605,20.80542813,14.55867987,27.19868203,43.15652316,7.4,38.10787604,34.4,-87.586347,41.744197
255,South Chicago,46,2019,25.06361342,9.667637466,28.83807625,18.23604461,18.35379491,30.61755486,6.52,29.05260789,36.8,-87.551435,41.741243
256,West Englewood,67,2019,25.15828252,9.920285259,33.27760618,27.01935316,8.947627333,27.4384106,5.77,37.1991923,52.7,-87.666598,41.775926
257,Englewood,68,2019,34.8586904,9.885174786,40.10256256,24.47248029,8.892935211,27.71619599,5.42,33.19289207,56.5,-87.642502,41.777201
258,Greater Grand Crossing,69,2019,21.2196631,9.829680007,35.86726727,21.90038855,16.54711069,28.17473866,6.89,37.34186129,54.8,-87.616139,41.763251
259,Auburn Gresham,71,2019,16.95153,9.885435168,25.16863313,15.93455311,15.51357797,34.54839025,6.48,35.296522,32.1,-87.656305,41.744203
260,Rogers Park,1,2019,10.6382482,9.428351197,24.9258199,5.428146166,45.75484692,52.6523734,2.2,27.64245148,16.9,-87.670171,42.00963
261,West Ridge,2,2019,8.918379406,9.528918996,19.52028209,7.198650177,41.09134942,44.33554887,1.64,26.89386432,7.6,-87.695017,42.001583
262,Uptown,3,2019,8.995204941,9.559439727,17.66577693,3.572312831,60.94382875,60.38805359,1.54,20.34474384,18.4,-87.655899,41.965822
263,Loop,32,2019,19.86596865,9.781109478,11.38177031,5.613862931,83.20981391,95.34210605,1.65,19.95470192,14.2,-87.625194,41.878881
264,Near South Side,33,2019,5.129114247,9.828235354,10.2572696,0.709945356,71.72858442,52.25000522,3.58,16.38980443,20.5,-87.620344,41.857196
265,Lincoln Square,4,2019,8.015424805,9.606310848,8.160976675,4.153887863,63.82224656,74.42049813,0.71,15.4862421,6.3,-87.687513,41.975182
266,North Center,5,2019,9.58154855,9.688970375,5.289348181,2.767528877,72.29927302,65.70546903,0.6,11.09211705,11.1,-87.683839,41.947811
267,Lake View,6,2019,7.792530841,9.632660888,7.920006136,2.801458288,81.32041661,84.57004782,0.75,13.81866175,10.7,-87.656001,41.944236
268,Lincoln Park,7,2019,8.860392559,9.688667239,9.14617441,2.736089684,83.77344037,76.79644068,0.47,14.44936479,8.7,-87.649491,41.922696
269,Edgewater,77,2019,9.19252081,9.502136089,13.15240163,4.933773043,59.61123064,75.57685456,2.03,20.24291579,16.3,-87.663419,41.986719
270,Near North Side,8,2019,13.58903018,9.731430709,9.425435988,2.64779676,78.31685525,80.30413794,1.47,16.13414362,9,-87.633318,41.899611
271,Armour Square,34,2019,6.746671231,9.8594605,37.39262374,12.86972225,23.52819951,48.4642012,0.89,15.64002392,6.8,-87.633976,41.842083
272,Garfield Ridge,56,2019,4.416078457,10.05284579,8.46991025,8.874807178,20.67974413,73.58997511,2.56,15.43396991,18.1,-87.764246,41.796185
273,Archer Heights,57,2019,7.745043987,10.01775143,14.12795579,7.677385298,14.51152755,30.12506768,1.13,21.0432435,9.3,-87.726365,41.810873
274,Brighton Park,58,2019,10.47059133,9.975527394,23.72316803,7.91818712,10.74979079,50.23442745,1.78,20.62499707,12.7,-87.698859,41.817364
275,McKinley Park,59,2019,5.727920985,9.929934383,19.2263801,7.542144373,21.65928373,48.26775895,0.91,26.16814438,21.7,-87.6725,41.829927
276,Bridgeport,60,2019,6.69322395,9.888694686,14.67960241,6.839059483,34.62437673,53.7044803,0.84,22.68382275,8.5,-87.648784,41.836151
277,New City,61,2019,16.5129214,9.91009059,24.82532523,14.35052837,12.6618284,43.0332021,3.33,22.78798189,32.8,-87.659171,41.809017
278,West Elsdon,62,2019,6.011587497,10.01916766,9.031988493,11.05250712,13.65093125,59.94907906,1.84,17.90718777,17,-87.724213,41.792977
279,Gage Park,63,2019,9.507094054,9.975178489,18.19114849,12.98805864,7.044193819,38.15309582,2.42,19.11923909,20.5,-87.696433,41.795429
280,Clearing,64,2019,4.891482109,10.05547532,8.766306366,8.746141136,18.60434131,52.36031152,1.87,15.20524052,22.8,-87.768517,41.779582
281,West Lawn,65,2019,8.115498929,10.00922681,12.66707748,10.87466091,12.61324597,52.97180829,2.59,22.75282383,16,-87.726927,41.769774
282,Chicago Lawn,66,2019,14.5166069,9.962447094,24.24727808,20.88144888,7.995322783,36.60179849,4.54,33.44241011,21.7,-87.695667,41.771849
283,Ashburn,70,2019,4.608025214,9.953329169,13.11170956,11.10553817,20.90844335,63.95781047,3.92,33.72270978,7.8,-87.708363,41.745756
284,Humboldt Park,23,2019,11.25231625,9.902275047,26.68089561,11.78842925,14.96273108,39.95017984,3.16,29.38558716,59.2,-87.720917,41.90008
285,West Town,24,2019,8.65134377,9.814116311,10.89194166,3.51827167,68.02413217,67.4961225,0.82,13.31388889,22.8,-87.676358,41.901216
286,Austin,25,2019,13.41699957,9.970050675,25.38345019,11.93201506,16.60712434,45.09538292,6.17,35.86514058,66.1,-87.763117,41.894113
287,West Garfield Park,26,2019,27.5480626,9.969848768,39.0036086,20.28866927,6.309076598,26.53257837,7.24,40.65313492,87.8,-87.730233,41.878602
288,East Garfield Park,27,2019,18.52841963,9.926506352,44.35119866,17.54369719,15.87291078,24.7855999,4.86,40.87490128,112.7,-87.705892,41.878923
289,Near West Side,28,2019,10.89535575,9.860208157,25.43734147,8.386220697,56.41611296,59.75416417,1.64,19.9358827,61.7,-87.663513,41.874016
290,North Lawndale,29,2019,24.5063982,9.974239134,38.13909173,14.40975391,12.50432693,34.6927679,5.49,38.17400038,94,-87.717218,41.860197
291,South Lawndale,30,2019,12.88856528,9.987493545,27.97049844,8.700743964,7.845295195,47.43480309,1.96,19.1493253,11.6,-87.714,41.839091
292,Lower West Side,31,2019,10.77504231,9.905220841,15.41049229,4.872923391,31.53250923,52.37151697,1.04,19.37686938,12.6,-87.66757,41.850277
293,Norwood Park,10,2019,4.35432513,9.788287141,6.701653074,3.189471942,39.2616045,76.69092047,0.82,25.30938394,16.1,-87.803451,41.985248
294,Jefferson Park,11,2019,7.927393769,9.75806313,9.81145393,4.520262782,35.57151472,59.43591309,0.93,18.02046179,15.3,-87.771165,41.978836
295,Forest Glen,12,2019,4.115100772,9.692151481,4.414242405,3.178903674,58.2582373,68.32696009,2.34,28.96882991,0,-87.758358,41.993938
296,North Park,13,2019,6.047907895,9.67517891,11.32781701,4.521950774,47.65023419,60.4625926,0.67,17.16580737,6.1,-87.723578,41.983651
297,Albany Park,14,2019,7.712843653,9.714540751,14.34266274,5.177424607,38.13691877,55.57355693,1.3,18.80925584,11.8,-87.721558,41.968078
298,Portage Park,15,2019,10.34448916,9.819118777,9.399213366,5.486819815,32.70181747,73.87693533,1.66,18.64353185,19.6,-87.763401,41.954043
299,Irving Park,16,2019,9.222432681,9.755679421,8.704218816,3.856394973,43.41533394,62.48337897,1.29,16.10762379,15.2,-87.723457,41.953589
300,Dunning,17,2019,6.448129538,9.894074931,6.959865042,3.560239018,26.65965515,77.8077595,1.75,25.69883689,16.4,-87.806015,41.946522
301,Montclare,18,2019,9.851072359,9.921884219,11.6889146,5.620317382,17.03990582,57.4120993,2.43,30.76242274,31.5,-87.798033,41.929306
302,Belmont Cragin,19,2019,8.783770463,9.891654368,15.79229789,6.166630056,13.41331745,59.32616159,2.29,27.55879109,17,-87.765502,41.927275
303,Hermosa,20,2019,8.514055751,9.857539755,16.45826517,6.216310561,16.06292489,62.66902586,2.01,25.49140371,15.1,-87.734741,41.924353
304,Avondale,21,2019,10.60038839,9.775757569,14.32127063,4.326133566,38.41100185,59.99396938,1.17,21.77842422,19.3,-87.711219,41.938673
305,Logan Square,22,2019,9.78266476,9.796844871,11.31641683,3.171140327,57.90441686,72.57307991,0.95,14.44132102,18.9,-87.699149,41.922768
306,O'Hare,76,2019,5.102150954,9.884884523,13.28540386,4.411113029,28.55687579,73.43823606,1.99,26.21611115,32.9,-87.893699,41.975696
307,Edison Park,9,2019,5.713506226,9.734400698,3.505145664,1.558687085,49.03594665,82.59739682,1.26,19.67778218,19.3,-87.81378,42.007627
